nr,naeheAbschnitt,hinweis
1,Windhoek → Kalahari,Windhoek hat zahlreiche Tankstellen (Engen/Shell/Caltex) - vor Abfahrt volltanken.
2,Kalahari → Quiver Tree (Keetmanshoop),Mariental und Keetmanshoop sind gut versorgt, mehrere Tankstellen.
3,Quiver Tree → Aus,Aus hat mind. 2 Tankstellen im Ort - laut Rechnungen bereits genutzt (Agrimark Rehoboth war vorher).
4,Aus → Wêreldend → Sossusvlei,Zwischen Aus/Sesriem-Gebiet und der Küste gibt es nur EINE Tankstelle unterwegs: Solitaire (ca. 340 km bis zur Küste, keine weitere Möglichkeit dazwischen) - dort unbedingt auffuellen, auch wenn der Tank noch halb voll ist.
5,Sossusvlei → Swakopmund,Vor Sesriem/Sossusvlei volltanken (dort selbst meist keine öffentliche Tankstelle), spätestens in Solitaire nachtanken. Walvis Bay/Swakopmund wieder gut versorgt.
6,Swakopmund → Spitzkoppe,Spitzkoppe selbst hat KEINE Tankstelle. Vor Abfahrt in Swakopmund volltanken - Henties Bay auf dem Weg ist eine Option, aber nicht garantiert die letzte vor Spitzkoppe.
7,Spitzkoppe → Damaraland,Uis hat eine gut ausgestattete Engen-Tankstelle mit Shop - zuverlässiger Stopp auf dem Weg nach Damaraland.
8,Damaraland → Ugab/Hoada,Khorixas hat eine Engen-Tankstelle direkt an der Hauptstrasse - letzte sichere Gelegenheit vor den abgelegeneren Camps.
9,Ugab/Hoada → Etosha,Kamanjab und Outjo haben Tankstellen - Outjo ist die letzte groessere Stadt vor dem Etosha-Südeingang, dort auffuellen.
10,Etosha (Okaukuejo/Halali),Innerhalb des Parks gibt es Tankstellen in Okaukuejo UND Halali (Namutoni im Osten ebenfalls) - Tanken im Park selbst ist also möglich, meist etwas teurer als ausserhalb.
11,Etosha → Waterberg → Omatozu,Otjiwarongo auf dem Weg ist gut versorgt (mehrere Tankstellen) - günstiger Zwischenstopp vor Waterberg.
12,Omatozu → Windhoek (Rückgabe),Vor der Mietwagen-Rückgabe volltanken, sonst wird meist ein Aufpreis verrechnet (Vertragsbedingungen pruefen).
